page_view,session_duration,bounce_rates,traffic_sources,time_on_the_page,previous_visits,conversion_rate
7155,167.14937100327765,30.12713242123027,Organic,477.6222357641034,93,15.928297811196028
13321,667.6032409370031,57.19520804996838,Social,120.7691052875332,78,1.369896959609986
8855,233.57928989511024,54.68787672209688,Direct,36.935860675697306,75,15.232184833277898
11602,292.47232835653466,22.540757845285157,Social,433.7054730966153,90,4.068562791969041
14375,467.7548332163746,55.151609323657006,Referral,351.44396076097945,82,5.912376115137997
7125,707.2055839731963,32.27853911017023,Organic,197.5825010134249,30,14.190680283365944
7515,197.66383639890304,39.02308676722025,Referral,579.5206705416431,54,15.676688361389314
6158,554.8345483908508,25.84877270608922,Organic,388.1106498392952,95,3.1347614439148037
17402,250.56104795363643,59.750761013454216,Social,333.5320018180452,92,12.677518812937064
5079,223.66064469907943,25.3740641291492,Direct,298.78865900650936,80,11.951114417744655
16705,336.8963661345018,37.9467530725165,Direct,147.15523247097212,72,10.32403404448502
13656,100.96592387526302,44.13656056018796,Direct,523.9568186705044,52,1.227689945676875
17518,533.6073222082505,38.920286652877394,Social,312.72910992164634,69,11.740817273439797
10196,166.50156163313827,33.59293331233707,Organic,514.2207979450079,12,15.266293712631253
17632,414.841893826144,30.174184409197743,Organic,291.25374535119363,97,15.621514447531244
7661,787.4291220768165,65.60083661941012,Organic,108.69492455346578,51,14.118264039015218
5185,662.6209025719921,21.98178154648264,Referral,86.30705331811166,9,17.19971150070044
10490,345.5115518338682,62.685889967132944,Referral,86.09804400202786,40,6.360838851927607
7883,580.1152054126551,61.17347647451553,Referral,322.0449293049223,52,19.557384194382987
16130,815.435690793278,65.66683494777956,Social,478.4462174806421,79,9.50431207412689
17186,623.9621472392546,36.49530887764424,Social,199.54907408932525,38,11.6902144647512
19357,786.5949297375605,27.28039538088681,Organic,544.0589020594321,66,17.564921256517252
17987,662.802944100211,43.8145812847002,Referral,60.16232976559444,11,1.2893988244915908
6931,120.7726382046319,21.187122573207468,Organic,349.53881906063026,14,10.930912743228502
11055,876.7577561695507,43.229488887459176,Referral,175.3608828253341,1,5.176610417315305
13703,607.6518928436586,31.69172687779472,Direct,445.5169406609596,56,18.917580156077182
13698,354.4204823247136,52.38485392963118,Direct,77.19731628174496,63,13.57185046841323
12698,662.581679128738,68.58884745007342,Organic,97.70282992575758,81,5.669791458828512
6544,812.3928416329651,50.97274409149148,Referral,484.0162561455916,24,3.3104587012309468
18423,299.1788089003994,53.20153222459701,Referral,572.4097661465793,77,11.096365536836732
12990,136.65185119655368,42.52177512384778,Social,481.2251919524101,9,19.128254617255667
17956,820.8013756411108,63.998037964704245,Social,436.52346138274186,9,12.887488145328229
18542,624.5807719121361,65.17195575907465,Direct,178.76218878408432,81,5.270422453834692
6537,217.5246683182736,60.14610055406395,Social,110.00262173305258,25,13.921121407672036
12907,241.418071456718,67.1509429935443,Social,160.04188183828214,15,6.0481024115325415
8690,598.3057280656419,67.17516332548294,Organic,484.6728364017925,66,2.5265658579679
14702,463.6670832794929,32.694214800719536,Referral,121.15166932769482,38,9.693326332058705
10281,881.6698429422242,68.50529761957972,Referral,129.97614655936337,15,13.84463431094268
8893,366.2073524464789,25.71158533652916,Direct,137.0609649806899,68,14.387603372596685
15806,510.6823929376019,23.59861627645985,Organic,347.2649564531442,50,18.54373925285972
14633,797.0768271680931,42.463832727751935,Referral,315.3612738476738,73,19.212136164282114
11515,825.9180007356426,67.32390909093931,Organic,390.5425686327938,64,2.676764736084349
5024,132.4732007099567,60.56878742521704,Organic,595.4050667490812,92,8.338625376690253
12911,532.7171716580854,67.19497565770732,Referral,176.15242460100134,32,16.65544316090098
19315,156.89060527567236,65.49014713786622,Social,453.1358022194806,28,14.184735781544536
14464,468.0392915402612,50.68365504064727,Direct,521.603509404995,66,7.426514599278504
16711,650.290164396277,23.38545028374473,Referral,170.3015247759471,32,18.315560368810583
12428,529.9397430795816,44.18934487025561,Referral,356.95590309364167,62,13.053725530434884
10100,261.6373714215406,29.190071885530728,Social,357.8543354519616,38,1.2896173321892714
15812,828.3104578521608,22.20595693218224,Social,451.79688322285415,34,4.001305944799308
7501,172.503128418289,37.47083158359938,Social,230.2770929473018,29,7.2004203557199045
10169,552.5750860068015,46.960555363820944,Referral,358.7717986452059,93,19.607551248592006
19693,308.9643136364002,60.64395382628223,Social,233.36599132081616,73,8.384472844670944
6014,718.7174801431113,52.091778467345605,Referral,488.1231516684971,40,3.678956926624406
5468,692.2197080646611,44.39729398812251,Referral,263.6547714117333,83,11.39339057483206
10675,351.2320104684114,38.17423559457151,Organic,214.85188941308056,99,4.125365854167244
8912,581.2956557284452,67.68520407191838,Direct,342.1017588778992,89,19.13948046941966
17670,427.7572024687018,38.24403168618333,Organic,590.2399728731217,87,19.337184882076244
18031,579.8285611243168,42.55226615114522,Direct,149.7443946122193,57,14.205243278419989
17040,716.6370769453004,30.12247542815625,Social,140.7586145106631,35,1.2139694986053051
9053,875.66936156997,38.70404102867322,Social,480.2568624844459,90,12.689213351535573
11514,434.7019166306013,53.44067016310108,Organic,378.7610893680678,57,12.56629321341783
18739,472.8799807413157,35.1339698812132,Organic,296.747343391257,20,14.12358773134136
11856,208.7984914705375,39.70604785990862,Direct,511.9261323830829,26,15.505427789590854
9591,574.2698255544647,61.81394964598208,Referral,214.107050657482,71,12.83909034636143
13615,868.6741262914701,21.961545047235077,Referral,587.6600529363864,38,4.468071480057143
6517,717.3527484100885,63.38715799049436,Referral,44.010240102648325,80,11.345284517154354
15267,172.67802164462705,52.07581808899305,Organic,333.596054065212,38,14.799747803859404
9296,757.7795698461559,36.333166152540514,Organic,569.3890305524918,16,9.693397251005864
15532,554.6675020642766,27.931303527712974,Social,77.01785166558709,80,3.4043789334180223
13916,454.5628578323572,51.6437998111352,Referral,521.1219619372744,76,6.319142796762694
8549,777.7656660592888,20.87735582802337,Social,584.7745351269222,75,16.69682766934745
6265,889.072412295588,52.65605099135435,Organic,532.9053778037539,89,4.559459775616169
14993,394.4192118807544,52.986331018581794,Organic,551.2182272409004,17,18.59954223941172
15260,633.4084283919902,22.052375643698777,Referral,213.93125426883577,57,18.729058812125867
8646,277.51137034985226,37.497237589156846,Organic,365.90371479433657,59,13.742860030691348
16322,345.3662425288276,25.505882633323004,Organic,38.65818008920743,10,12.257993309389525
13576,842.7949914305647,26.95556551016359,Organic,274.57065707969394,2,10.433037540157432
12237,600.2803047103966,50.56310312519378,Referral,164.88358332934732,66,11.96832006750121
16940,254.52283030568088,31.94711836422181,Direct,522.5633395466459,86,11.4281060591164
8806,210.6323942473608,53.52593521655445,Social,543.4242222209673,14,16.015612635779288
8982,848.5741724097591,39.54534364047396,Organic,228.40783018216263,4,13.091284353100887
11347,358.52651023018456,45.588939361970176,Organic,131.47142324914287,64,1.2356368985828254
17336,866.2018060092507,27.50199786795362,Referral,342.4269503376028,5,17.377640528705864
12226,602.0554156968651,57.357251170457175,Direct,535.6689048279422,29,19.952820262669608
7574,565.1486546320423,65.60462555971951,Organic,64.5604746615784,90,16.08001199550278
14285,212.28117601000224,57.12352114898469,Organic,318.7191821709972,75,15.122065372180584
12841,155.1191401181825,55.01072585728724,Referral,97.94063680142015,85,14.203249757134676
6866,383.9139648733197,54.2260154420507,Referral,597.2984626597353,32,1.975525009071838
19650,636.5313662752046,20.99134784869279,Social,376.9613853503385,85,13.415876875460391
14092,457.8866437016399,34.57860862951094,Referral,413.92049588349,44,16.195395258593805
12878,103.13440337570016,68.09060554143576,Direct,581.2093588776013,33,15.245855516458295
5487,562.3067882144662,54.18388504696191,Direct,513.8460279518449,20,7.889646313083245
17749,600.9319566835109,30.249639651030574,Organic,262.32597458033945,21,12.692092768479467
14340,235.43727593893237,53.79151866248884,Social,453.2812361657221,32,18.21445051688877
13637,324.18365671297425,40.52254980651206,Referral,316.9106283810357,64,16.3659892514845
9142,603.7667175047884,26.501366142015897,Referral,237.16931931814432,5,18.420023517683333
11733,188.4529821716729,38.64661872600549,Referral,148.74408266127728,57,14.745827575989626
8381,117.64967620851873,63.8809969990633,Social,63.196533938867056,96,8.172229386793024
12571,227.0366148817125,20.33904874004105,Social,50.41523928414033,7,14.733062368696547
10481,149.23316647256144,69.20326286865675,Organic,280.59509866710374,49,5.344839946984092
7505,178.7101603921827,45.40361690141129,Referral,359.50699584845603,69,12.122065948936989
17811,898.4661746037867,53.478242135611616,Direct,549.2949634590229,34,18.839254340701103
10811,354.60547617179435,40.46420515902295,Referral,172.02234344479868,48,16.167470963517378
9126,207.1154556163327,61.82598233892326,Social,101.49275055398796,6,8.275951588870276
19374,893.8441142620093,23.202422347528728,Referral,354.85385561691334,8,11.613219384275816
19835,874.2908917717356,40.45602104322456,Social,452.0688663285972,29,19.52484793216836
15814,436.0588876047,51.06878816369276,Organic,463.8696576403954,77,14.199489931853202
14477,264.9954933164936,66.70454838679855,Social,46.7946970748213,21,6.755687951692252
14356,405.96588589199206,55.239711390993264,Direct,321.5868360892556,33,11.468981805776984
19651,182.50920820589332,56.83762798231843,Direct,571.0654195893887,46,13.152483826604238
17797,296.31597138239465,53.29170573528488,Social,457.0450353512673,27,6.4019637192062495
14930,296.1000273238766,64.29720281744883,Organic,299.3653506951604,3,3.860022593284144
15769,423.5286451177277,21.12068322314571,Direct,180.94108139776807,6,5.566232683817226
10221,769.4437181338332,62.8671459083248,Social,252.0055188670704,4,18.53252468033437
18940,736.9240853481513,56.25036897131263,Referral,493.0818014888633,29,10.052527943355644
12058,861.4587113462493,45.96526617380363,Social,519.6619000799278,60,13.379233358360803
15654,743.1576868456381,51.56103589155455,Social,62.98310678456103,81,18.230145471389843
18245,804.1879574003808,27.75718845951674,Referral,96.67961381402084,66,11.785039052658892
5656,686.5782758239561,52.92885689524909,Direct,391.8626277553576,14,13.851088727683011
17306,692.7611021640628,44.587794881487085,Referral,580.2056600194129,81,8.389665448048476
19959,710.5334356179216,62.20012639219682,Direct,499.9322923657789,42,16.499278812729436
11163,342.22682130624435,33.77287309814273,Direct,460.8106183384376,5,1.661546420951615
16036,391.4762250448703,31.5966873728105,Social,506.2072810932812,30,4.566811688617124
15214,247.07103394263444,64.49264827774908,Referral,129.6509875715834,64,15.400912264562097
15518,676.8002884198112,51.45979315616978,Direct,112.15488548459412,69,14.359776254672235
5775,311.66211854926536,29.30439800962832,Social,457.9950190138731,22,11.052320346197137
11534,726.6724253732331,44.16499805285461,Social,295.68571347164425,6,3.5085731993137856
9454,872.4249044560054,41.46349783840495,Social,390.1715148220862,20,5.423678286026603
18273,311.0280510172896,51.8371886495619,Organic,306.7251145302795,2,12.356718587014768
9586,870.5633209014987,62.129634838985126,Organic,450.88526864441206,51,19.65796854339992
13425,398.5110165966557,34.821592608513185,Direct,477.54367829283535,83,4.009029308719329
12623,200.85825171092512,45.18188927077912,Direct,97.6282144162554,76,9.862809544043095
9108,532.5548133251655,39.90517021980998,Social,103.60418330840017,82,13.943666044210929
15386,822.0398494332571,47.75988649710944,Direct,589.3987721426555,21,15.510817387195424
11800,261.2500426938851,47.87911792360021,Referral,148.73860484917395,53,19.96089840788569
14265,698.5359368148929,68.40662593526802,Referral,547.0610754991516,28,15.389996219592142
14043,113.6617526441695,51.17385293873478,Organic,591.7685729649075,48,12.014625550668574
15760,384.6110592667734,32.7706827477234,Referral,264.9049775282712,26,1.3467449301829135
13866,151.58905361396825,27.82678797764437,Social,582.073740037016,27,13.60893331136385
5798,405.87006774208936,32.13164271505016,Referral,459.01796773420784,83,3.154528103028688
5653,276.9729251517612,62.63494148255058,Referral,152.0595672823394,99,4.247560290652655
7800,608.0308109064156,25.205218533496144,Social,196.95197061037013,81,11.245044056031109
15537,131.50571925038727,22.394217059775333,Referral,153.05314904113328,44,4.273526800021262
18850,852.6101278648372,55.22677681868922,Direct,196.39099826158397,63,17.070031774425015
14776,305.3984148037217,42.43495278778333,Direct,107.13169299343812,94,12.92710247257785
5594,534.5309553837346,67.91661827807842,Direct,372.0926799529021,70,16.162324335194327
16700,296.19946209031605,63.6891944544055,Referral,369.960954230331,3,18.592479352344863
8936,186.1857296616071,52.56472025416171,Social,250.29794246935865,7,2.1919969897756517
10197,382.3419875543291,23.779805840111027,Referral,504.6874330790764,12,10.463180164636269
18358,121.4372445017963,62.73042161603402,Referral,125.82204813266708,77,3.279138797847907
9476,810.1771540303471,59.85417542901666,Social,392.3767973665562,8,18.194428830184123
14183,206.5024781476013,32.95622134232221,Referral,513.0772424903563,90,19.783173829378683
17561,220.00848010488045,63.818193623310655,Social,269.10067021436964,57,7.053159163679984
16272,427.1534353265287,49.86971262399443,Direct,387.0984064968401,67,4.378814373166366
10033,389.97959511303793,44.10636499141208,Referral,457.0756524258915,3,9.43742011047053
6518,672.5632097909869,23.528447988957595,Referral,253.1329416435634,96,8.262135340115275
13638,623.3430440394689,49.20641893908248,Direct,111.54679749687098,56,14.32480599631042
16431,689.116203701629,67.81656376165733,Organic,549.166260629748,44,13.301266168853395
16621,289.2129573574817,55.968591296529965,Referral,566.1315912022164,62,13.00985691433778
10686,834.8681694886468,35.1118030213264,Organic,531.2699983301827,70,8.16963761917666
19158,284.1479288626218,60.99611979384039,Social,261.8249574292106,7,19.148946198952267
13549,105.26784822750555,49.824699034082215,Referral,63.43268740620209,18,2.365381439723378
8357,503.2532098700264,63.89656921305921,Direct,274.9971375888508,93,18.768418511498403
18358,552.9676172942291,34.36883944419671,Referral,77.2020395666814,55,3.7697250358943455
17444,656.8589544472253,35.77488244443072,Social,503.759903281568,48,2.26883988775643
19268,368.3234563043442,36.90812818486511,Organic,147.75601733716366,96,9.177017104148602
6685,226.4910412500396,58.802807006878695,Social,370.3515875242808,41,19.704819112912208
13121,673.1856108267574,32.373140987882365,Organic,590.585010929295,62,9.366959326469363
12799,346.69552398730605,22.45002782579342,Referral,558.3673940094938,69,1.423873967478576
7536,396.8437899218636,53.84903583053344,Social,189.39287638671868,7,15.837692557488904
17345,523.1495106374581,58.6668100591422,Referral,472.6276745440243,90,14.867218653556318
6746,167.34267111135992,24.886339644795758,Organic,278.96755966785497,67,10.967441618379016
11552,277.08869831682523,36.69917758024325,Organic,71.06867253596852,12,7.911277270927326
19741,520.4342643223993,58.35846929064262,Referral,114.61627814650852,56,1.734108291259943
17169,771.3445206623977,39.4449708638932,Social,322.1391559500677,2,8.596451211224679
5045,295.5234607531867,36.11445788265364,Organic,39.15646622170719,45,8.86442996614856
11607,532.2519602181167,50.0687639441273,Direct,182.22427617137905,67,5.0194393611757295
17202,151.3901621858313,53.90329732791981,Social,115.27786986666857,19,14.267108604823257
9945,726.433230941917,62.41416886911349,Organic,183.7239169202861,6,10.109429944238752
9745,823.7899532863033,29.70694217458861,Referral,519.9701015385984,73,9.143069639903311
12619,335.27630953853,59.34842983409092,Referral,466.105352793952,99,2.4505320135336226
6074,889.1723404995888,45.2031653981032,Organic,353.0674814720707,58,4.200632031894624
16352,778.5421725818928,53.274064735787086,Social,172.73874185038596,81,13.55895855300006
7974,892.4281184590261,40.70166209933714,Organic,288.5310536188209,86,14.347128246046967
6791,491.7670554994455,55.494853224779845,Organic,181.36148522325183,29,11.985714951268642
10069,465.5876986207436,43.985615803582135,Social,258.26244449244285,24,15.007423982811012
19559,781.3736846343566,28.631932953237538,Organic,250.2909125807978,22,4.400949184561779
13597,100.09125666855168,61.3339331299276,Direct,360.4670761882404,63,16.222447519667053
16157,617.1231543753635,30.04520155789088,Direct,293.20755372534524,88,5.7054687411921945
19288,805.1510703735686,65.0367581201458,Social,337.69609063390544,67,6.127164735627553
15300,271.1066759658152,32.73827624284927,Organic,548.2780083493752,34,17.256652956561386
11664,302.832134388456,47.597996756095725,Direct,281.1253799033205,38,8.03990146514418
9418,848.4269056147117,46.29401716631126,Social,588.5507604957675,55,11.3916911244187
12005,481.4297474644472,27.93505429886711,Referral,501.382482074876,28,6.906356910940806
8335,717.8260840160219,54.15075193363595,Organic,391.53037969973553,5,8.197885430623582
5072,688.0397825941969,36.54136392157614,Referral,571.0821359289712,55,19.459551357368767
11944,562.7528936925839,63.26374351698375,Referral,185.297335394385,50,8.531322804883253
7550,654.187814606473,23.438757968667783,Direct,103.18801651352868,96,3.137525451817736
14142,895.5906353108148,35.01640417313627,Referral,588.6977177342062,3,16.36508694021659
16154,264.79111416227266,55.35458308656385,Organic,583.6532170353042,51,3.068262084770849
18924,238.91753685065328,48.11790817081669,Organic,69.63787463046337,22,7.146991400799194
12029,876.8740399688465,20.770949648096163,Direct,113.21335287064606,28,10.23882830288396
11111,449.0233024958037,31.500629820983697,Organic,218.9866092230263,13,18.63895241060008
17636,324.7417699301669,20.764294383375173,Social,447.7443856839067,76,3.2114228799950943
7843,532.0382169685499,58.44768023194891,Direct,452.62752658728215,63,2.741834275048653
11962,714.5283334792805,41.12363704207287,Referral,167.1622438339936,1,6.00512107756975
8844,420.2277986503248,66.49186384866275,Referral,136.18671250525475,28,1.7179376082920048
10427,201.2451068651792,31.38230431815951,Organic,521.2191085286452,30,5.585174082050198
7542,766.9380031308041,29.64020734057057,Social,91.52746354152404,17,3.7438994944391433
16353,757.6268880016547,39.88483029701716,Social,232.03952987554268,73,18.18357191841923
16502,675.464408687436,27.380560953793864,Social,474.6514287445656,11,17.815451438801336
14834,334.01931460035775,38.23984032035792,Organic,164.37421442446495,50,6.996812606753176
9372,214.90590403605583,59.14641009460934,Referral,210.83032467436792,39,14.284488459089992
11324,743.7000993679592,21.76826864413846,Social,310.9259091904415,60,4.722607700813317
8191,837.2164560732792,32.43977804985605,Organic,45.785364605007246,89,7.329973373922976
5572,601.6828955706294,34.856390173796434,Organic,567.8969268756687,26,8.26250677962027
14388,455.2127684802002,45.424652915904005,Direct,480.59986163425697,63,7.368076415018592
17647,257.7122867701647,32.98602508351504,Social,528.172566571893,69,11.809577568083563
19182,744.1886318250116,62.61562083913103,Social,276.7967841871669,62,1.0895260581512307
17165,353.22175797082576,48.90646151350279,Social,135.79095441807425,40,2.533100109471389
8252,614.5617474241689,22.68368506239238,Organic,119.97752805781413,67,12.441320202975929
8607,353.8100652478945,69.44460352496579,Organic,383.02948528331234,95,19.693719145504875
5826,466.5380934267299,69.36235541028094,Direct,222.540973736685,61,14.057741108086736
8580,195.4845849930523,64.81916428972079,Organic,467.53684863534784,27,16.145587539909084
14412,340.17080219909525,52.14464529967262,Social,345.69318769506833,17,13.871291915309891
14301,632.2801271254842,53.34824518465312,Social,120.32077277353224,44,17.916673919856184
17555,191.9081176981039,50.859284653896665,Social,310.37247119458465,35,13.815871822751769
11744,276.24286824230387,66.02498827641773,Direct,101.1122995966263,61,5.808291004471752
14399,483.82968384257873,37.20767203798851,Social,560.8344734333893,34,18.821107523247903
13539,692.2837303295952,45.455082183097794,Social,101.63278881231884,3,1.133856276553309
19711,465.095086536323,21.871074435867158,Referral,261.85392671306266,54,10.784229808253547
5663,822.064042397617,69.04941171716656,Direct,482.2703232451428,56,13.200922996403168
16097,525.7396967817938,54.565795535691336,Direct,480.8214967550754,76,7.667428570540465
9180,494.0809939354398,52.45842367446882,Referral,33.725331861047906,29,9.758082253056434
17224,652.4532225285183,49.2112216059403,Direct,246.6788976357853,20,18.64473172790799
19134,748.9888071496011,43.87477903508854,Referral,183.7097224447589,33,8.059286029287307
18106,102.3661471637138,62.69432399748102,Organic,240.5989779290065,45,12.918480486739211
10731,442.0814115249107,45.38062165033319,Referral,216.12302058490877,29,3.332411384044595
10447,845.662196854369,47.72560777651151,Referral,465.7730580422083,81,17.728838536292216
8657,532.0753242119129,54.86269903262352,Direct,224.44208778272304,93,4.283813801883961
14687,234.5507560158049,30.707339632881656,Referral,397.09782633118607,90,4.741393980078355
14591,325.49861517124964,37.58493625769636,Referral,267.84666097430784,39,12.309291588716478
7444,674.570281191008,40.76264592890501,Social,458.205609948829,63,18.780320432453514
13368,162.0591560653053,47.98609475823915,Social,511.3366198164592,65,4.093869711235328
7314,842.5110722435329,53.82804894844384,Organic,136.16592802925578,70,15.546814064784083
19234,305.2015260117274,52.24228987463028,Social,400.6236022183245,19,2.9155824770970784
15976,518.6602118861284,35.63685816580222,Social,382.2999337329693,27,6.486745492256447
10588,505.19310602162113,44.909161891503146,Social,523.0969118911489,90,1.03416568516859
5606,305.8271325523176,52.04840912310323,Direct,447.0682701131339,29,14.221820612305942
19741,270.632677547143,20.70383762324549,Organic,399.1574039064317,3,15.601717191594998
10489,701.3451403897554,39.049177214848825,Direct,302.19198829069194,35,7.024076648544824
14024,444.3156517539347,48.03076790506484,Social,325.5954355839715,26,6.726190638389259
9908,419.0503273114934,59.48917084686858,Organic,496.3413861420536,28,16.712345946911235
18310,255.1299392694224,60.48788273516531,Organic,517.1371247982646,92,12.075160977185812
15905,890.9730086487936,60.54894177128016,Referral,340.12495572643144,37,6.217545819989993
12870,674.6013343999457,63.27067682369203,Referral,417.0283646389003,12,4.282223126223124
18309,175.9516709179171,67.43075750194697,Organic,405.8697436815837,2,2.842483821741659
11686,873.6929603408419,36.63344663146539,Direct,254.37612092295,18,10.088975121172124
9197,385.1629888669933,47.64190553862085,Referral,423.4972315540208,92,17.155632162689784
19132,647.3835357091143,46.65748942142077,Organic,323.91169404732284,14,6.051169629310405
14939,213.01771621309024,53.15799598970756,Social,106.75726211199952,97,13.474143579659176
18039,641.3889283615737,29.80552391940283,Organic,331.68423779841504,24,17.68427832062955
7270,256.8213476683555,57.908031295504,Organic,308.1667401571552,61,14.174643364525531
8230,427.92279082518894,61.43264453736763,Social,162.66879704632817,77,8.670553340174193
9228,407.72289347498713,55.93608081791415,Social,540.5371414854093,88,9.744458139731892
17369,226.08186798239888,57.613303845690034,Direct,393.8824883916243,26,6.202060299610537
9141,344.5297175813402,36.05973670851257,Direct,124.82025228262232,14,10.6776893836546
9878,172.52059148483204,45.00038855777469,Organic,49.00451496250828,77,8.32816876342164
5452,802.1935267760441,49.00724368100113,Social,499.1138250630236,43,19.19093518262532
13516,571.3886907352553,47.46514792789545,Direct,596.9489889743223,85,7.095381060371048
19826,638.5452790020038,62.272067677687694,Social,591.652056839592,79,1.3870247171592611
17743,407.6380425397905,26.17581676424288,Direct,583.9538593908051,53,13.967498398970356
6264,468.863559021664,66.81760532172487,Organic,405.679794132338,68,3.4767978839194758
11099,460.5619336243059,25.33590031557671,Direct,513.4074450030048,30,16.1019114600264
17093,584.067519422835,32.02842010744335,Social,271.6362864489872,29,4.391280699566753
18052,295.6307667724275,50.797898519917496,Referral,419.5224591107542,98,13.69895708627805
9831,299.0546063133937,37.40996987831621,Direct,223.25873184784868,56,14.230058700825692
7543,623.6455495549972,55.87652918749675,Referral,537.8583934431239,80,18.727105551487863
17038,798.037707587031,60.04397820613829,Direct,441.2141419612381,44,3.2662403924869743
9303,360.705406166674,54.834696197555296,Direct,93.72727630822894,98,8.021872302437059
7910,342.0444931573476,58.03252051204532,Social,570.1575841946311,74,11.983983557803816
9957,533.7037230918527,42.8269789553418,Direct,564.2114748662106,4,8.431845024198386
7716,577.2087758031012,38.269798271194375,Referral,484.6390839628047,45,3.9800297334240753
9396,639.860162895335,67.56686373806022,Referral,497.4146884303876,48,10.006142972917372
17418,643.3026626280031,20.031976024132707,Social,130.39359664020904,78,19.23357489044416
16676,457.1491230910797,46.34393418382603,Referral,281.3699204896996,51,19.92655490630652
13175,195.4403772909111,35.98510472659284,Direct,317.4812859078071,66,6.057717521410877
7125,828.2991883944956,54.09599824469207,Social,371.61699719979737,88,11.4621654365369
11657,263.9462947028572,54.836939188544,Organic,580.2731413584813,31,7.939272547127547
6464,745.5952951061466,54.28891485455139,Referral,33.09264339851551,41,17.208557122894984
18337,508.885181573577,20.82279822043184,Organic,215.6937133888793,58,4.93308634571547
15007,288.5292494104865,47.89673246065597,Social,289.5831119554923,94,4.070551652945113
10798,549.7235352364884,28.25744788293684,Referral,481.7809820765658,68,7.669798043236482
6346,612.916606145716,62.1893916282657,Social,109.40290118264986,48,13.207973018713483
10806,757.1045952178702,48.163693866694686,Organic,268.8792069888093,35,19.73860221404684
17293,461.4739531301644,40.90687434267569,Referral,233.1310785729113,25,16.155468685811012
19133,696.8590272518413,55.50033533284408,Social,376.0426201022318,93,14.79423868369426
18325,505.81124039804,52.069924083566505,Referral,508.2991506849178,97,8.4061854632685
14331,159.06655636763807,34.67310264789306,Social,194.3371773394652,32,18.54964005974728
18333,261.5012967215507,59.208794996099805,Referral,356.70001457253863,21,1.3471988654504397
10936,713.3425545989033,44.08253328270588,Direct,443.6546798072196,24,13.296811107444922
19881,247.43885632441345,60.202884576184815,Organic,472.00674370329295,93,18.35277389387925
5559,875.4393054951662,49.661760969323495,Social,53.51664301853796,74,1.6227330398380149
9350,578.0740346573212,45.53741122151466,Social,532.8945747435087,5,14.614773208323465
13763,151.6824581140054,32.12806304906192,Direct,432.8576736092704,44,19.010040275380213
9802,632.9206483254177,38.50463936532904,Organic,440.3536031711889,28,18.24573202226471
5918,675.9609030733302,27.902504283578395,Social,461.35123192121017,5,8.241832177309297
15209,822.05975941918,69.88930514789872,Direct,322.9188615220607,2,6.265193314043485
7399,444.1442375738327,62.542924877507375,Organic,574.1474242596378,61,15.137250738989575
7338,569.5141871340486,21.498200101870346,Organic,560.4265451405254,6,9.688526804963004
15597,512.3171757742844,50.70914077326525,Social,481.7333951566741,88,8.35199167994088
5018,859.9033156450265,55.41416222503596,Referral,382.7601824702976,82,1.0617988662641586
8622,722.3053392088151,49.88203146421579,Referral,524.5652066511796,53,17.222598754216367
16666,808.016360434558,23.44929091080631,Direct,53.749119997247945,79,13.557526772554926
13329,228.48795085915572,21.12197283434325,Referral,581.9183788325402,18,12.369676708088454
18381,536.0635112731081,66.5042949498773,Organic,294.23734102891507,68,10.669356867346966
6317,136.37072148964683,60.22494094390382,Direct,173.04223586900014,49,10.781873190675816
13973,159.8800017018922,57.23962372771212,Social,504.876024056175,53,15.724701583506633
6664,821.2509138764385,25.035171341784697,Social,265.6131874362269,84,5.077014634258642
8520,220.8695385998755,21.554744483229765,Social,360.3654301869695,49,6.970983193241154
11827,893.641917952167,54.85329562513028,Direct,193.40720740966705,32,5.053858208078218
16536,179.81749136123284,28.999129563510483,Direct,372.3261096639712,26,9.802165169046608
16248,368.8853499389239,34.867977002079485,Social,528.5121167853963,44,15.955521030635769
11755,701.8746360863925,52.72396469882156,Direct,104.1364948825542,63,6.588084157555625
7998,306.0387108605887,42.29889077314231,Social,585.5131323134455,60,10.1138559935202
10073,684.3133834577634,20.785188105676927,Organic,384.7119574171957,75,7.962174815943041
19432,344.39518200099405,65.82591972959307,Social,37.42342763393698,77,13.371982097958064
16660,479.5911183875785,32.78181605833249,Social,277.00609077517527,38,11.489864613218272
8757,208.52455721196532,55.37069985468316,Referral,67.23534536506031,11,13.66303837025636
17249,734.3645310195977,53.19862842987382,Referral,223.45155720862317,23,8.971446566449028
15779,772.7953499258524,49.54786542531253,Social,193.72093297589723,85,1.6163635443478537
5949,638.4277698166939,43.70177838554773,Referral,452.4486419435949,60,4.53661513455951
13705,336.8277092726868,26.18200714552069,Organic,77.5119574792036,90,1.9308279266838
8334,548.6529314102943,68.08183131023662,Referral,116.44149473648268,95,17.48591216092016
7631,507.6538839588336,28.063429532845213,Referral,274.56958256632595,23,17.168267340923734
15916,222.9663343818059,27.946350617496066,Social,268.35610935562465,5,12.374110069063228
13488,796.8302898547353,28.49421419255269,Social,445.11557149511736,22,10.845340907580352
13864,268.2735140441599,27.546249560754468,Social,444.5427705888631,9,11.370080866027328
11950,149.65703054830647,36.44279386260276,Social,398.0492346887841,18,2.296179390102172
19791,282.8294946742076,22.04678132651915,Direct,333.9273149423525,15,11.890016844849267
14460,212.97024202512063,42.032892291818136,Organic,565.5977730611921,83,3.1310202554144144
19652,606.1849547942109,47.45264543047631,Direct,206.5207082643585,26,13.601354506833324
12813,778.7044094697455,65.39395613464069,Direct,583.1298184939706,72,9.673660773441783
10376,404.5903931222689,50.993526375618856,Referral,440.6556856106485,89,18.121866676466293
5356,400.5158761745494,68.12652935272789,Direct,466.1080268972827,19,14.17260430727272
5776,180.2667156171664,52.44895416634982,Referral,30.336601222259592,78,11.847802342560946
19954,462.406291007401,32.958994179423456,Direct,553.0650785311789,65,11.20563097101624
17301,142.47025021649966,24.414509422033355,Direct,538.6025902796018,88,5.379697699630356
9708,115.06859878341854,36.53339342654141,Direct,424.8696222749819,36,17.658312256924358
16924,247.5812316605115,59.79038086745585,Organic,37.40582088007242,76,5.098683861838821
16673,603.6365470393866,49.0673825335622,Social,400.80239725392784,82,7.629934899418811
7212,261.6235774736549,35.24598142286388,Direct,505.7240500507776,42,7.723093427551803
15626,407.62464221982304,37.35811920419465,Referral,576.2094406053809,73,11.310160649547395
9619,602.2262530843084,60.0178431846938,Direct,452.4486997872535,68,12.781572824444842
19518,545.7338212257135,63.413324440670245,Organic,531.8986267113855,66,2.254214556566891
17643,510.6123927806957,65.16354043657594,Social,31.826159844100225,87,7.431479152341103
10700,430.099549644674,50.17592193944306,Organic,188.84677065742235,29,1.0585679041007354
10626,403.74001621409866,33.64613247370097,Social,469.9760233635124,24,7.410153327085894
17992,259.4083174438211,37.41205593658623,Social,404.7232019263592,78,14.79488951106288
14240,624.3905778842117,69.88425468913059,Organic,62.61125828376259,76,18.440914426368856
12738,337.5800651422293,48.44496167806165,Referral,214.09780253798667,44,13.568494236155829
10639,667.7962624490011,52.04958692991101,Social,88.15093457663083,77,9.770580022045568
11852,335.62666083494673,62.65492798767955,Direct,467.9546563191769,76,16.384017574666295
14703,489.0051724120707,51.03367104789366,Social,38.5179364910495,70,11.6323888620152
13752,196.29312274856963,44.09424887585209,Social,272.1512819565047,97,18.66418624278292
8342,202.4515980703253,39.211562477462095,Direct,78.93078878354302,81,11.934839054485735
5552,510.6048136241414,51.408694822225,Direct,175.4848539064182,91,2.7502656394264835
15590,346.8936986555919,28.55306440214587,Direct,285.61278263220305,74,19.25306556165781
10220,371.0854189796351,21.459974894997583,Organic,597.9918997598812,42,1.3080856008280324
6347,725.6402749215147,45.34290125568512,Social,161.57656433399086,93,18.743899376173605
9304,338.2804759139424,57.32585131317449,Social,389.359753143158,22,7.524265131548905
6408,739.7827006734354,45.90351664187194,Referral,144.36007781491492,20,3.2830689678660194
7561,418.7581334342715,23.309851325540937,Direct,470.3201139121877,92,7.257859100450068
19463,727.3784246294472,65.0689481966824,Direct,106.25171588845949,57,19.331106499193982
15053,451.0538751950269,38.755588052649856,Direct,52.66945335960365,30,19.675900586233052
12968,242.55165573189055,69.98763091371738,Direct,383.28929513217946,37,6.114891668999436
14824,351.6660250540283,31.17565587791656,Referral,541.7911308841931,46,3.2868206285612738
7560,626.3587920552638,20.042070551828004,Referral,379.2325401558019,16,3.44728592674036
5943,749.6118035885344,51.43172046101225,Organic,323.24231859178707,33,3.69121325326736
8667,431.9385861103688,36.53136091504494,Direct,320.9439247371894,78,7.11355635022716
10597,892.1791487113302,64.42313664389374,Social,173.48686796200323,21,17.57471944144918
5061,811.9878058198065,35.33569070301519,Social,281.7328544836194,49,14.495326615111772
5834,341.0191903474183,68.59737799636838,Organic,129.7580617383752,24,15.545918999713342
10611,283.60099005218257,69.25071279356996,Direct,228.28625840771804,74,16.633898064582212
10123,737.637631834108,39.71515963317081,Social,73.03958121301562,68,16.302871504015016
5899,607.298130607529,55.16027014119822,Social,95.58878821963472,86,2.3429134809391776
7805,815.3664133132249,29.36449637276564,Direct,543.4489604331322,86,19.50638005955044
8425,853.4598774535345,42.54537611008523,Direct,552.2942680027294,91,2.426711142003741
10303,613.68946843926,38.56431330394075,Direct,257.6028022644698,59,4.445035727654002
18357,514.7813070800197,27.495862792455597,Direct,523.7294850454182,73,3.012383662086213
11441,892.348856217897,63.08677499509622,Organic,557.9012190876939,99,2.850703453309886
14254,671.92698768649,41.81991128908057,Referral,599.8903128136284,6,5.204885245273123
8172,800.374342826012,36.88267470033266,Direct,322.8778714624532,77,9.211755676016752
16064,180.68369360122995,40.55105322034488,Referral,405.48805797888247,64,7.754435387818644
16474,863.6155988517653,30.472193921563104,Organic,361.6165600201196,93,10.154536570426911
7114,743.7772901118651,66.72546089684448,Social,586.2873367728805,87,7.588679117600838
5568,142.53891503288543,24.994613211466586,Direct,408.34956329344345,79,11.473584336852095
11189,766.1116914359852,59.80018210088095,Organic,387.7760666077763,69,19.44207593842903
12876,893.6696559434656,47.75186385731513,Direct,361.2994597103389,22,4.647967159281933
11032,487.62362533087656,42.975855313419146,Direct,518.2917659297465,65,13.1562419631181
14457,598.1161275206038,58.526075212456654,Organic,541.6202717501985,48,2.9164907875833537
13625,844.7976607552276,62.51281681136504,Organic,232.64260562578568,24,13.282184112308611
17978,589.5393582304815,39.05803930940468,Social,62.89752179532152,92,3.409516939834311
15182,140.5664820181264,38.81200781869005,Direct,507.7445981738811,81,14.555885670048337
13359,352.997906063542,28.850557564226825,Referral,360.0086041756,43,6.780555951748433
13297,321.1478882138581,30.539078851837974,Direct,259.7544267116591,85,8.242766039613116
17815,562.9351767920591,27.594421500289695,Direct,136.60294900042794,34,8.09808682310132
8766,795.0006843297175,20.359894454881783,Organic,196.31892515260697,68,16.738565031295504
5750,578.3275820953022,37.11223480841956,Direct,231.4598961849028,38,5.4604320130358825
12801,878.0444435754374,59.0106767767556,Organic,179.6085875416351,95,6.251624596125501
8917,868.8769121560716,35.20571037695019,Referral,192.33583261206425,83,3.930735436070238
8984,874.8051464254829,40.64773552237081,Organic,547.5418646281493,48,8.633670559943855
15959,845.5932961514156,27.62876359620538,Referral,463.5890531209233,84,3.853832874611939
7985,115.55964109883084,61.49267060160767,Social,210.62288904376013,45,14.1038167223783
12187,736.6963170524274,49.192243439376256,Organic,552.8626564338422,33,4.199639016075905
18137,338.60077416968363,23.330883392270785,Direct,190.8661477171571,16,1.6030267934256175
14154,727.0002051954765,55.06595939501281,Social,356.7890503321339,82,16.07397896981643
7501,839.6132956412362,33.89451978753666,Direct,577.987333745821,17,3.650585347042647
17251,236.6116861911352,31.658380144338096,Direct,369.09651012849565,86,13.945001019262406
11914,819.875451472731,27.602482548047885,Social,216.1610807341768,43,18.96082579930192
12521,399.1932933664356,61.74366724463117,Referral,364.90626285189336,36,9.253064053525538
6986,886.1904104446696,60.4639726897295,Direct,396.3768192910218,8,18.313288567328616
15216,111.5383736600772,38.58230980919279,Social,281.92732052971576,44,14.283049750949669
8319,648.881173124167,48.81896544199596,Social,49.89287030267448,51,1.710398809091803
12482,478.645323372312,66.6043305010871,Social,368.4507996431884,39,11.63748183753132
15091,518.8419294906653,53.42213823476449,Organic,245.0030998877152,24,11.823506056407435
11761,847.3949123343818,24.51163354287972,Organic,404.5209016110842,51,10.964678950451107
19170,621.5205723518363,44.17165090826805,Organic,44.68616584794199,83,12.139162433085705
8525,280.07779760624817,48.59587728523675,Direct,502.3175466123204,22,6.704929663149565
16184,374.1385317183279,39.25304613711232,Social,50.31712869687696,28,3.2446712267927023
5346,746.3550992660907,60.36266195851213,Referral,211.81429507491688,26,1.7339346160218252
15060,153.70816973449354,56.83051060517751,Direct,345.74117580011284,77,2.44722854505323
17875,727.1341804023659,49.39858534087509,Referral,557.9013043205026,76,1.1311353848618686
7583,599.2772741170584,29.131932710453576,Referral,504.00785836000045,71,17.484104755016666
7996,627.0318086183996,28.139321612982705,Direct,381.6960735824183,45,9.433840831726316
7297,720.3894479481654,45.4697877364521,Referral,122.15061701382398,34,5.63647147510768
15712,830.7430481572709,22.89778678686789,Social,453.8559306537927,84,18.17513162049171
9916,195.02915604819785,45.14212231307158,Social,109.76822930432684,89,2.847072224143879
9553,680.6479111443782,46.0664829540236,Social,80.81496375806056,14,8.73367931209545
5042,256.737371957688,21.3073808020368,Organic,48.99539899931655,34,10.087942160825536
17610,111.70983012371308,30.004622252248268,Organic,584.2963225132878,94,11.358214135505282
7459,200.36219785675,62.73595740692256,Direct,326.71254080074675,11,9.374348506697563
9787,565.5381367130948,52.15091988769559,Social,85.71539568505136,24,18.42591568449839
9393,259.97833323350426,59.56039027001292,Organic,334.48171729717313,6,17.87544789808271
11208,722.3864871449096,48.57188595876059,Social,562.3750387421399,14,7.93029843947184
11935,424.52916792852864,51.283794196298565,Social,410.6981582829919,63,8.986129591223602
9492,100.46829980345642,34.53782073378018,Referral,353.52744915982146,77,8.273271415720064
10957,108.19693384061476,56.78397544089695,Referral,496.6365802633559,2,1.3090577357269575
6296,525.6003205490613,30.349131838574827,Organic,152.3835217861063,10,1.040829427184765
13927,206.1216368981798,29.442509408983437,Social,30.190990776849056,97,15.042491583798618
18592,446.59739584600527,61.428329795840426,Referral,589.9185373029774,62,4.25487569948926
6992,479.599526329499,42.690730670337686,Organic,247.5219313829963,66,14.332499131262008
19492,379.05814581968514,48.444699327560144,Referral,564.8628856072158,83,6.55310677949733
14259,500.7054207170646,28.82783953105192,Referral,207.88594848114235,57,11.777546606508414
14306,110.22731272737404,49.83248342188658,Referral,305.6353937118937,22,12.592717880892748
10524,428.3595347370861,30.91970816881912,Referral,206.74935515607424,81,11.99639243790618
6330,286.1749799923609,37.549725770904125,Direct,318.57209306788604,52,12.25997223637061
18260,526.9395308858675,35.31699808413983,Direct,291.52438774836264,37,16.21881888449296
19146,750.0496484269914,42.86459006276492,Organic,326.81281111940626,4,11.82875006083967
14352,548.0197856278353,48.30402473099242,Direct,458.9922267195496,86,13.005645241937382
10938,832.7859346030957,54.799123377480406,Direct,354.072110034573,28,9.401951813230133
15311,135.89522268106,39.97140568322405,Direct,271.5532674363256,45,10.825291803576414
10430,594.8450402088788,30.773084508065438,Organic,105.18410447672886,7,13.76253244772562
19311,520.7897434052769,56.98153937519823,Organic,161.65429073571573,91,3.847137653906516
9651,616.7245656394912,32.449513738639844,Referral,201.4967794255627,32,18.66424384559005
12748,621.0735450238079,65.32855353828208,Referral,290.23666180367456,65,8.453139728795646
19060,851.7226693139469,30.584436200971616,Referral,404.0899201071429,99,7.285531764709708
12891,446.6677365809379,34.7284386092057,Referral,345.8743497659382,46,8.015584741888114
18614,265.57669151518013,31.710856987476188,Social,202.00810120267948,83,4.688164250666913
5647,504.0054400024176,67.68444455747064,Social,370.4741989445727,26,1.1647965822429809
8158,831.7803326041377,34.23479504097123,Direct,247.45672062427863,60,13.333036187627696
15394,789.9544981979244,31.814949606236027,Social,318.0814133132349,22,3.938684661762061
7770,689.8398445922853,59.01834390383972,Referral,133.03019810974655,53,13.962428021332103
7602,293.0092702972794,38.41711068312616,Social,274.0751823446392,36,9.298074482648182
18119,245.96302335966325,23.940131430851316,Referral,193.9923039273685,31,3.114993588426419
7867,450.703199309307,54.59240748568563,Direct,232.3387044574579,92,1.9314736323066704
12946,359.4139934860758,34.27044052978735,Direct,123.22280493450111,67,14.713059836926863
14171,477.2246511166292,33.307467770682166,Social,155.50003692527935,28,12.689759594001806
5198,865.5703664349537,43.73682503302821,Direct,397.8852798730292,6,5.374571688526548
7243,103.79569419731524,43.30015914151362,Social,174.5551033580601,26,3.792070644725413
6030,472.0588775548832,32.78977627261017,Social,536.8673651579852,43,1.5131066889293836
5624,499.9951668895068,57.15057920688712,Referral,364.3488068670392,96,11.074533877547148
17868,478.2930962068845,53.54882450161426,Referral,42.08586781052838,69,8.209065005599985
17552,175.84942260056656,63.33620240435489,Direct,61.41417962483252,37,2.831998114497117
18876,544.8433675646659,62.29202070608422,Organic,73.92391432019372,9,14.489696126110504
5619,444.7804914654458,25.359427004813654,Organic,585.5430740595633,97,12.798121696548735
7771,563.7626696247728,67.8278731904646,Referral,377.2898982119664,88,8.235119175685675
10638,606.847940831515,43.37599008744367,Referral,494.5853510518041,41,9.117106106477916
10116,867.0265023567808,56.08605596146658,Referral,251.2222489151877,69,17.849792820550206
10685,856.859428788673,34.81135803914971,Organic,77.4797260447741,55,19.37753432810517
14549,468.20339361363807,65.6474604030397,Direct,509.9194718639526,62,11.531234087662586
7008,158.07445625853643,43.24985712654981,Direct,58.90654772968803,70,12.791961690685175
11440,283.4577511918629,20.497538365420475,Referral,341.9999328687261,88,3.14844296435387
17357,617.7720633243277,56.561305563830366,Organic,427.838708376967,38,11.87932236170869
18527,788.97437326216,21.54638421766248,Referral,508.3928390173978,40,8.974876582908164
16498,354.982814794476,33.32305088748043,Social,432.65627949949607,81,17.80698724990712
7927,126.25418065297742,41.95197110549245,Organic,437.704191598157,80,3.3822216127045563
14346,664.2421139237596,53.446726083545485,Direct,61.716613708392416,26,15.50823696787292
10364,801.2547091340978,22.296612426277512,Direct,362.06291458947663,11,15.280201783799228
11205,187.7614759200915,60.68967073507122,Referral,503.772659388363,91,12.944274319743831
5072,302.8626761710343,21.17016777038889,Direct,88.46384180041288,72,9.262204168154494
15963,823.9760549671829,49.41140703632856,Organic,373.2329802014,16,11.222989751640498
7587,470.261261148355,62.04072793327372,Referral,392.8066700169719,16,1.097266951283451
10741,323.9423952296047,50.78378964884237,Referral,290.095540100348,24,12.530428546197191
13665,789.2096778699492,28.840871406719543,Referral,329.0348087519842,65,16.913535536328226
7000,409.5182162433796,64.2885910969791,Organic,240.8441876203742,94,19.99435818884951
12219,832.6632566295417,27.59644422995775,Social,112.6789740064039,92,16.35545961914808
8889,249.2062305711239,50.28647419122519,Referral,237.6943922601147,86,2.6214648257116884
6024,423.7491510406939,61.45327328414411,Referral,366.40568631011394,16,4.376995851980768
9433,786.013928175794,62.2689193764753,Social,379.8193450446217,20,1.4959143239347308
16208,308.2187585134827,54.15021976109052,Social,50.89463851345992,10,7.652351109960517
6955,112.0662085588836,67.18379203797564,Direct,503.6711780596326,32,19.92342131694376
15115,361.6076864358304,32.31125717968428,Direct,259.3125483939246,43,8.221352997145374
12796,212.94034470172107,55.20010056750866,Organic,328.296680222493,94,14.200278360030154
6539,330.5666112657309,37.55849638065409,Referral,582.4971248561006,80,8.741206454763653
17457,782.0385584856642,35.27824275804832,Direct,176.080557674187,21,14.37790237517214
9410,880.6231533174283,42.18002144008837,Direct,44.79709158119812,45,12.319971274415272
5520,447.1080872247466,56.95199914690794,Direct,454.9037930895213,49,6.251707539695387
9931,273.9633552541101,47.38409008898658,Direct,533.3475664486323,91,2.2709180596761267
19243,293.57298318860484,35.56625076456588,Direct,234.66968405328316,9,19.82658827857553
14420,158.81323973384866,52.33325177425714,Organic,333.1283193884601,44,19.01559152980097
10939,807.3151552713966,29.24583998795656,Organic,339.4177365743167,44,11.999157664519942
8565,880.0117694537063,62.00957506167264,Organic,117.90955172830164,90,12.51790544154644
8546,623.7703800649069,44.47183538204781,Social,471.8417079600084,98,6.0201032689075165
6826,201.7467352702536,26.2110289463556,Social,373.5346629667524,80,2.594591891226824
16350,879.9346342290029,22.261699513537582,Direct,231.15112667478175,2,7.227686023236027
7343,454.4570500817372,21.453252421310257,Direct,217.41539119784883,56,9.625719242081331
5787,397.4229973350003,47.03475177308321,Referral,380.2169274110853,99,8.515564840890907
11209,516.8845055482199,44.64465272815599,Social,162.00380409005643,87,9.28636624334216
5209,885.6233249558999,51.51518786960217,Social,488.1323690447593,27,14.060965262235037
8112,528.1843053653031,42.95282607208999,Social,114.32245115222702,27,11.93766765576952
19128,413.1216225186431,49.92870063587698,Organic,498.4195920098406,73,5.664058753889412
17000,483.9619970409362,41.25862148284155,Referral,41.32968129589351,68,15.05345791927408
11841,813.9766836618103,50.27892766879005,Direct,118.2268891532035,91,1.6857269254887473
7268,671.2959059873409,24.331991659331077,Direct,598.9622963653693,21,1.3884789518956238
12956,139.45557389072115,43.12595725105359,Direct,346.7782276912433,77,19.77987596762722
8975,373.0894161667483,29.648514222717875,Direct,436.913933335514,58,3.1431285401116167
8280,305.75803708600813,25.96758369308532,Organic,41.6343869593068,60,14.73495162853089
16632,805.0455466239589,60.57621808950943,Referral,343.6305822716744,81,19.785172100117872
15731,889.3498228243169,69.06518029404388,Referral,356.84744201254495,74,17.273549320145264
6344,701.7444862810177,63.83198402153123,Social,463.96341424125137,32,7.5653096080004065
8258,767.4114902839405,42.23639030592588,Referral,130.8792926816036,74,5.192071337632532
15187,784.2916080529399,24.641478591310204,Direct,82.26345424672292,17,8.34952875430362
7342,692.6164706437895,26.49901339947411,Direct,392.503847596562,17,9.333450514065069
16132,502.82034162097295,46.58317972729216,Organic,484.5487239202939,20,19.24775904729086
15078,291.9894779757474,47.11762268262192,Social,569.4629906551094,9,15.756410253958986
8430,758.9956568913815,54.76447415798199,Organic,157.36254794029935,67,6.30285689232488
9401,335.8246722095867,45.05791272475325,Referral,412.1403928825144,5,7.107013557699032
18305,130.15422063633818,34.05399818609148,Organic,496.3396374757335,59,10.300160256520762
8892,202.6594646836956,69.78062809327065,Social,173.64707070866393,99,15.553769780997015
14237,532.956946490051,56.265207246209066,Organic,332.96070658663723,58,4.823060137800113
14572,731.6501716155511,21.531619221034678,Social,461.5194797781984,29,17.247710916888433
6343,199.08067986165852,52.864794487939626,Social,440.343517641175,44,15.448102877815858
5568,277.66397797628326,59.52846546614983,Referral,427.0327640523792,2,8.8373614155534
8136,742.2537051046315,33.20227262432802,Direct,261.5508571762962,98,12.283570421830456
15997,634.8627836476574,53.2652720992581,Organic,401.96599875306254,38,4.313719249572632
5985,644.1282725624516,41.959213501970254,Direct,59.07325052726728,74,10.735097622090976
17122,255.60083749883748,53.89344796757284,Referral,306.79207409093493,6,12.863864634801464
6388,755.8126484515573,46.49854365310481,Direct,374.40357397837766,52,13.198666272325989
6281,623.60707927632,54.30176950254724,Direct,285.7606585944312,3,1.6050134607837323
6092,524.6748570310841,36.02775782324036,Social,123.63427436887612,17,6.50425090026733
15315,317.7239748182972,43.72948028774658,Referral,403.63444310463206,58,6.787854816416315
7305,306.0544079846071,45.160942136159605,Referral,112.78956828378467,30,12.180013076157184
16844,760.5942911565513,62.59879066896844,Direct,306.20112934515896,81,19.96731156599947
5107,338.24600011650114,45.84547874924388,Organic,297.2080136388044,93,11.16937672248926
8002,289.95409576405865,54.658665005202906,Direct,481.2924147040436,42,17.52159434304628
17045,556.6511824764578,66.81068949926737,Referral,340.32561230989614,97,1.8326907965842671
14981,825.7676092947171,55.869634004373246,Referral,552.3072228168173,18,4.960932715909191
18400,364.83672749686224,53.90793662216456,Social,360.04832294198314,56,7.678854666684236
12353,145.93227620284574,63.10867110939402,Social,82.46155019704482,18,4.25756106020167
10555,694.549138888454,57.84735806024408,Organic,39.65443688991752,45,13.74828839027392
5814,709.5823515621478,38.45732144770856,Organic,327.31623322147544,24,14.142487312772776
5618,456.16744809260285,65.21471837784887,Referral,133.3152305795267,84,16.952453586894045
16550,151.69936586620832,38.054779640179454,Direct,195.59993378853505,22,11.88213336305884
15287,503.2398647813632,50.21997761506397,Organic,219.25429397023183,28,5.154074848524406
15057,693.8122390850144,30.52595834454791,Referral,359.8927825890664,39,14.399453484013089
17028,655.0925017775116,52.14886257511655,Social,234.7134565971544,97,2.9186055833041884
19696,718.3229870613942,50.721632668748285,Direct,393.9698784044497,50,3.377538748823395
10773,117.19030925887344,48.37027420499258,Direct,528.1290553657997,61,4.251668548881385
18630,204.40023059586804,52.14002987272181,Direct,439.13007557121625,93,7.049470676248917
5367,650.0316937090136,42.62666070375249,Social,94.4185346229644,75,16.521270224334387
10755,811.6341400766942,61.76217565217849,Social,43.465078056281314,61,12.329954727191636
16749,233.5057666109349,44.89369225549416,Organic,135.42119443922752,32,4.092971514737458
11421,853.6091118349805,63.109366979969394,Direct,240.04180004388823,4,11.701933429309229
18313,121.04778368686162,59.06576053747871,Social,297.42310892864725,59,10.846555181718934
17530,346.6064775116454,37.78570854023884,Direct,260.5428659537175,87,16.434485832438583
11365,895.9642365594083,32.121825819399575,Social,176.11394347159558,63,15.08928413366363
13788,704.6823815918251,23.795135628290048,Direct,218.4793258640969,69,4.221932977887335
8178,533.5173848571657,48.92822169247458,Social,352.8365593457629,21,8.559379489781206
14973,403.2730197917254,56.01529831583052,Organic,370.812481139125,6,3.514576264548944
9734,110.8540232981352,29.709741119644743,Social,412.62483687516254,80,9.723163001275935
9839,814.5881436758117,32.633676971543025,Social,473.9095082463549,46,16.46303354865155
13574,793.385699516736,39.70957416433023,Direct,437.2194085432727,18,3.5765786457270563
19488,340.6402544216825,49.10303711698543,Social,473.4080627499601,49,2.246791486385088
13734,372.0183745218748,28.088783405204055,Social,192.64707828987088,93,7.710205762835781
18853,385.4255594734069,50.62591259870433,Direct,262.9210661301686,27,5.936498996034487
14302,667.0970465410365,38.865610519876896,Direct,514.661377016793,54,8.732866716215025
14129,683.2498004623179,39.56242748903809,Social,536.0612674258889,68,13.771265063426869
12581,253.07691736283235,35.52820278728825,Social,466.0771584261324,64,18.343292200814435
17272,772.5680143676768,66.95835863880113,Organic,202.075491733618,78,8.684766048518568
8286,719.7439261450393,68.54868363457115,Organic,146.1386599371899,45,7.435436567115254
11887,262.19661478332887,25.22772313277457,Direct,167.10563338272144,33,9.599724256410235
18440,829.6387915133577,33.18443996302925,Social,280.31835105062544,7,7.870334389276573
9926,496.252977745739,45.27206846510301,Organic,37.97756298302803,65,11.568720320819487
10190,870.216379884202,63.52461812870787,Organic,479.083221402936,22,19.114769513272307
15092,427.98131912449753,52.01334132875178,Referral,113.5520701188572,92,18.038015469268867
7120,167.5488361272926,67.2827882727421,Organic,220.51279549727155,2,16.372580385321115
5032,602.6191563295081,21.433112921974462,Organic,39.3448982901591,97,13.9122996696787
8138,440.5698378596976,56.18847296159507,Organic,251.55792273840825,15,11.748245221073429
15161,834.0121498405498,57.696264558002376,Referral,545.1370729780482,71,19.00541069715229
9907,164.34696490985408,41.65611222825231,Referral,479.2453509714009,58,14.85482067274227
19179,615.4264075146427,61.45469694680597,Referral,208.2996825478708,37,15.359844130262868
12024,494.2171088787173,47.25019678391939,Referral,97.72342306063206,14,19.007459974884974
12569,221.0831445506554,45.52336419569103,Referral,459.7819098360392,96,3.4741861078898526
18445,808.8651313619521,23.816341073415447,Organic,141.81252821073053,80,12.5011401642738
18798,803.5659485876487,46.33446667668379,Organic,455.23088184622446,40,5.065966301509409
9210,718.0236571987687,37.07952965381666,Direct,327.01372753179913,20,12.892397126749248
7146,582.548911023312,54.09360711857544,Referral,34.27288755319026,61,14.799483052271029
14073,212.07063505112524,59.65379306991264,Referral,410.0303634433864,20,14.01311217915574
19772,528.0938909035247,40.45375963149331,Social,543.3005343844591,17,7.156381187322917
16752,374.4410314525444,40.62576049097292,Social,452.80089590488586,43,16.166301973103632
13448,544.9801229172865,33.58486581926391,Organic,318.34128266897693,6,17.149299706271165
16463,499.2754872276656,62.99554635833127,Social,375.3610421625546,60,2.474222352341456
11528,238.6910341773057,50.52318511722404,Referral,107.95894163824586,84,13.155813101378817
9874,678.1609581912994,29.118864046783106,Social,136.58825447316894,85,16.944116066756003
17528,782.9068127308805,67.71702257728407,Social,220.5860816759048,28,4.306824132077309
6380,320.1126707064071,61.91086907539921,Organic,176.27620395472266,7,17.300004793691055
7969,355.0237840620137,25.039895311535915,Social,194.6402969210781,92,8.869069926230743
15830,218.78739719075185,30.159219290541788,Direct,345.8291670967702,62,13.935446328155937
12793,854.59308443351,40.43770559409104,Direct,418.5255137719868,2,18.15117249810618
17318,565.5207500499414,48.13777301508186,Social,73.67594796674102,42,15.053259524538152
5660,748.3426653566733,60.62579528587179,Direct,380.5812043138855,90,9.974813485612732
11137,224.7226623029877,58.22146071867581,Organic,59.98657352616991,57,3.027521435167305
18423,867.6992818189293,39.14022123923413,Organic,282.4176969916139,94,1.2185676210204486
11056,785.3143972133527,61.4129738253154,Referral,215.0302476547108,73,13.921387797971873
17348,620.097775279932,46.63729870191246,Referral,100.01011361430577,41,5.054914111338422
9227,490.713283794821,42.92749388230274,Direct,74.27892850207445,12,6.405321894270894
12910,263.34846866831043,29.39885417010308,Referral,65.70563758155555,26,11.536557141609718
12996,222.803311314515,47.02152191523942,Direct,63.93426234793952,5,13.21723062468907
16428,738.2393345579536,54.27303271954331,Referral,289.8127735929582,75,1.3896136242059638
16007,563.1869328599578,51.26653836627867,Referral,437.0843606384864,16,19.30001288455994
10009,803.3348616713413,38.55462714899997,Social,583.219210984234,6,7.542343433437545
15958,266.6476921912548,26.050240058430063,Organic,486.71878400821066,71,3.729045675794525
19923,299.7079589920785,57.04283882114061,Referral,579.5690793618896,88,11.60181508367023
17201,360.593359937688,40.93087440353981,Direct,52.544989681083536,74,11.45678950715328
9326,147.56305355015024,60.85681728194022,Direct,66.40560049084101,67,18.94896157760341
16938,362.5724293238907,28.282402919932068,Organic,173.0372849298138,66,6.6959735300363175
6591,180.55445741084029,42.97483743423382,Referral,401.1939328197683,86,11.132772837684415
10220,193.26281769848157,66.25272870112602,Social,35.01214143436344,34,16.690005271852797
16373,411.0750358974113,51.24716743011595,Direct,315.87922351815695,74,6.590550367900179
10840,574.6400393306448,41.815926136076776,Organic,594.7726071353933,51,3.8596876652721903
11774,643.6953344407967,29.93377062654295,Organic,536.8494980730198,36,7.26542969180485
17942,312.55512056461976,68.83875706116166,Social,114.5067786448703,61,17.08332362709615
16196,612.9072938467322,64.0712119968279,Referral,237.76187692071343,77,10.058598159238432
7207,721.393974313744,48.6455253604664,Referral,521.3143227256999,63,3.2703330975011715
17319,350.2537737369573,32.525443238915166,Referral,487.381442510343,91,14.618889554229307
8838,256.6817536578211,29.93896569910561,Referral,227.05182606062448,56,5.245799258358797
13736,172.29021344200123,58.896131714268485,Organic,230.91884954965624,23,9.010898585970084
6441,187.19769374178668,68.86708891250638,Referral,94.80112288211804,98,14.269307158768711
14399,459.15738083593567,24.83495797096399,Direct,198.9878583157549,6,9.043641639410254
14440,280.6623865865497,37.65815456911828,Organic,595.0738242812054,5,19.108094954124184
17215,473.7073941735262,55.69223439487574,Direct,214.63038936919128,45,13.778122974594956
17267,869.5734847505439,59.18567203222435,Organic,376.3089137036353,51,14.384044598430478
16432,588.2896464703371,26.090278280608626,Organic,468.83196114495394,90,17.379581478560866
9213,110.44986849414204,39.5197984867287,Social,31.7379173927798,62,2.8813824101817564
6204,245.79480332412496,30.725168354413757,Referral,35.829642297424,95,7.835746091141884
15860,690.0761242344419,47.0638104320575,Direct,554.5228058953502,87,4.903548874873626
9000,161.39776383026526,46.76716241973661,Social,442.4134782788345,86,16.019443192856826
7909,231.58660645900088,44.56451929391574,Organic,312.2718429852305,80,15.651058748332458
17026,327.0107102867417,38.30615120660877,Referral,235.4833333105184,64,2.1407497098218293
12278,564.9422307277887,30.79814030980325,Organic,35.92370430320395,3,11.141428676849957
12411,443.1010309347132,48.39671504099898,Direct,374.9717810482184,88,11.436879565133166
10637,855.7689302324137,40.02753468187525,Social,142.76290753820246,19,16.49426020174353
6519,716.8982553659926,45.96747720470157,Direct,565.6151030909277,16,18.71509206796734
15538,744.2605173910737,25.737021849818447,Referral,255.60961108397777,68,12.768195805179818
10064,174.378331800113,31.93164612074388,Referral,119.98398545373507,62,16.03934040667719
14734,655.4709177770582,53.66533039132628,Social,527.8818894275205,80,8.030609528173333
8596,356.60029870996067,47.25405509403166,Organic,79.31077313193401,61,19.0591606832678
13785,728.4521811426688,31.727197419925677,Direct,105.86564124024724,61,1.633120221630433
16836,410.1569545400064,32.87506438687388,Direct,90.3179819424071,65,11.274478416942184
15096,809.6969852945863,34.72756933673928,Referral,90.64466942559204,18,10.778408581666184
6084,555.1454382919777,38.02864311042504,Organic,540.1987029974111,39,8.285320849393507
8536,888.6952976725918,58.80399385499943,Direct,596.2052046865557,81,11.16339065263882
19896,477.0632095551002,42.99103977609944,Referral,351.371338154915,36,10.75682559803828
12412,383.6764785419279,38.89251150254333,Referral,447.64008960551337,98,3.039416641686399
18446,191.02323866715756,68.99539132740158,Social,106.62451473807168,66,10.18203430670976
15723,113.85130526674816,67.05218369152712,Referral,97.61027196949584,42,3.03031278450078
13412,682.1738158591144,55.63212919117768,Direct,552.1429859165279,65,8.592223867544224
6400,842.0261672656842,61.09270156712231,Social,261.3196070960476,93,4.237605195735483
8728,556.8312712949977,39.59742104873706,Organic,252.94835652834504,84,6.465880335137124
14874,713.8377393553236,69.15992320709879,Organic,395.5453164816863,88,14.538917758998975
6689,677.4336681585714,47.90549831817523,Organic,273.60245398211873,30,4.79634971858782
18286,605.5594504893971,50.69998226185382,Direct,322.0758316323601,44,12.799254978028491
11109,667.6017882348827,64.643549560788,Referral,343.59692038862613,5,6.65234621710885
17929,192.5036236058899,36.0266834272021,Social,529.7317400867187,13,16.212326264533772
5500,343.14446282042104,40.232777847513255,Referral,265.66451660023426,29,7.657206836339082
16905,310.384894090987,39.319194409867976,Referral,526.6330305811516,72,6.19667162159226
5715,324.773854063159,35.640977849617784,Organic,521.1132649981403,84,8.821475353235972
18084,171.71926527119012,51.249051531394215,Direct,340.58808078450323,25,3.699414721048001
16270,368.3431472265762,45.24203971572582,Social,267.66606089777054,90,5.790798691664728
19100,188.65629735748985,24.285646424413,Direct,357.1961130183803,41,5.821923833051622
19945,765.0641777560927,24.34104429419264,Organic,112.641071400956,28,7.809489482030854
12676,669.9766982493537,53.764031328484336,Organic,113.10227214570092,73,6.05311776896091
13476,514.0262344090206,40.486121564766286,Organic,493.4573242797185,26,3.5726722860489564
8522,365.41110880222345,66.37453432052324,Referral,81.64368567713336,94,6.101908952093771
17296,722.3907722437316,35.110661574598,Social,562.7620083612829,87,4.458774722212138
19096,274.79228780616864,61.15231769581596,Organic,292.9883456069875,55,7.2373610568009985
9906,370.0944013960005,53.2762109357561,Social,214.6205123055727,70,6.786292354892832
17905,149.24627138011647,55.87661748661656,Referral,95.0455714044994,7,16.184549449696707
15691,672.6156755423256,38.20139849346287,Social,278.18275785319395,17,1.9782902959373745
17109,169.3551033937478,21.89815186625167,Social,550.5499381964726,13,3.939368976676678
14645,349.2199428739226,52.14318712908473,Organic,242.11632732168567,53,15.00117395995396
18674,475.92622619206224,44.94269246583555,Organic,398.84507975402414,99,11.175991883998144
18910,363.3507406113735,41.86190515323827,Referral,96.32330152460509,60,1.1592810115363616
7100,132.98071727369523,22.246176776273103,Social,310.26273794792246,74,11.78244447321115
15704,723.886604678755,36.68319799875324,Organic,468.71253506004217,32,16.222528441977403
19535,408.6648267310844,24.149254392468126,Direct,55.32711132437103,8,14.206222156968089
16192,152.62610217402852,32.761813693208616,Referral,281.0730324360446,46,16.189107531030935
13685,648.2744132762168,47.39934954704688,Direct,425.06414823237424,28,4.32742824601986
9510,166.05017830578942,34.931976854070214,Organic,99.73893808638576,24,3.2868510808836446
18118,593.5761254592632,47.62031714982828,Referral,278.7261971061735,2,6.898702246198102
11489,697.2680986673752,21.702859796660693,Referral,291.82380932058,23,4.921934450613699
12678,573.7892716844458,67.22066648699612,Social,163.81319118447243,27,12.750470544074725
5174,190.4001238769264,23.470221245204176,Referral,102.25498443148886,46,4.790699521549296
10268,659.9662136850345,22.51718827186073,Direct,41.95394268057238,5,18.84487308934384
7408,389.6625396422735,58.55681234641224,Referral,293.8254556263641,28,1.9830239136877577
14732,208.1735096106557,47.76396248193379,Direct,176.59609856114494,9,1.4784297172531409
19612,863.4778690791344,52.19296602215746,Referral,421.1252893153045,25,9.725031911846436
12801,191.94154796411988,27.431371166712808,Direct,95.92323373346532,15,16.347123770904673
5157,279.632497295712,63.361910659908204,Organic,569.5696507818786,9,17.285429373198575
12873,208.05988771381976,65.31979343701906,Social,222.527007539708,30,15.259876709771136
15874,367.3434595877095,66.03482870740751,Organic,98.10910747551208,39,13.406754610340316
15162,876.7650584820044,34.87098396315695,Organic,194.33447693415712,50,8.396485619952358
13220,111.59909005380796,37.21632615198169,Organic,345.08762873976616,70,3.7517686583520407
18584,129.7951203024887,52.31760808788999,Direct,583.4849694454903,99,17.63667276604377
9441,291.76161551410297,42.14088278489132,Social,542.5952928873343,28,18.279290981038997
7039,415.1098985517551,43.42580205014979,Organic,200.93482101081307,56,3.6125915215271993
11153,874.2958883185968,33.740222390873136,Direct,566.7944374323737,24,15.440104014638669
12924,801.962021922664,37.28975565474288,Organic,370.4301404121555,97,19.135202159090152
6304,373.7169180956521,60.54018412767855,Social,200.72357309377787,27,5.6020809789762245
7043,663.1153221243195,42.95646532292457,Social,576.8705216016704,53,10.60971361598309
7730,578.822538762798,50.605903304353546,Referral,501.5225182143856,95,14.222571042231388
9577,845.5832697854983,63.41785761544333,Social,283.8555207114259,35,4.6574278329747845
6336,405.27616176672615,25.603700966704867,Social,356.80290499759525,17,8.690595995082454
14463,149.46005277477016,54.69466435782318,Social,546.989210912655,37,19.841060643893105
13277,511.4392480809034,23.951214652176397,Direct,319.13412728550725,13,17.036149537408143
18490,279.07582706291976,68.33268861497268,Referral,379.00541430413375,15,10.839176090798734
7078,879.545328460889,41.09892153593531,Direct,358.4263081982947,22,4.169268128687051
18266,425.57566695396025,60.89209489211385,Direct,72.05206251177478,68,16.982148186284178
10323,563.6909748569362,38.689194827937925,Direct,383.9568493221739,6,18.27584376144956
8762,121.52680754437392,53.92805373633124,Referral,196.95930982570124,18,6.677993504003576
14458,284.6844542198044,46.927928119253934,Social,370.0091672501841,98,16.52869271509745
18421,183.60497165649903,68.05088671297207,Referral,95.1959322724906,98,12.242918513216187
7798,261.3563987178776,62.85265566253092,Organic,573.6672845607001,96,8.950182364079902
15013,729.6358174953008,48.38851750410957,Referral,82.57922494392167,33,16.335960401056845
9946,633.4692906122153,21.49527400185861,Referral,157.71682385044994,53,11.783802110891186
7230,600.0968455751064,45.9938143676519,Direct,147.56494788855724,44,17.61371591042625
5962,565.3865239490962,60.96848198479041,Referral,288.651716567558,3,7.448709255384602
10035,324.6785760585,49.504992034782845,Direct,298.4299747956627,79,3.862055555206438
7157,875.6532467991948,29.320526528819464,Social,243.39440184995524,9,17.91371036570471
8132,463.5382351453959,23.8059216244362,Direct,209.8092869412089,65,7.27585836893794
17339,136.05276278869525,36.64938243704498,Social,417.4181591329905,85,12.247395015950602
13368,409.44833189357183,63.887727695721175,Organic,492.87984869310935,13,16.21854279667923
13703,171.39736666595783,52.66825370042323,Referral,201.2372453795262,2,15.271275983549678
11592,121.23502352415238,42.65140341210586,Social,541.2708282884025,50,5.464719785909738
9890,843.8322742396218,41.127098909432206,Direct,165.58091173164854,21,18.702868713642488
14852,554.9010800051205,37.92268374740701,Referral,166.91336632762844,10,17.486042918940168
11250,763.8482939263462,48.63582133182354,Social,364.9714258714847,91,13.142848256166848
16736,506.9327512524493,65.09512674923498,Social,84.28765118873928,98,4.441518542853837
5673,174.95902905757276,69.87207239459686,Direct,190.32815597586657,69,12.69136840682534
12191,577.3576489800611,67.00930083127238,Social,45.73487043377912,4,19.28675862024249
9733,480.3309898052224,49.0539552006225,Direct,240.6893657726011,40,13.978103277733496
7753,809.686046409929,44.40858787126727,Referral,473.5680190229699,13,8.052031288260505
13325,883.2350627423147,43.7338250732644,Referral,102.55263341904272,39,16.711141485120656
13744,768.2597227005283,50.00305636383317,Referral,204.8195959815285,66,19.991901331781538
11149,253.2399317892354,66.4780078391216,Direct,588.7495605940602,12,2.6938743467200696
7880,603.691239228555,41.03052560095664,Organic,406.332109345812,81,8.828464480596
8397,190.25264722271,54.65379520605673,Direct,456.9542724423351,92,16.71419313471497
11033,652.7541259526288,34.56141637485503,Organic,202.60634214166848,97,17.039582938560574
19133,450.3345859953399,35.582815132157144,Social,481.8728946681482,33,18.565248637470194
18331,226.73624041642395,44.28431843708651,Referral,150.52929156497603,66,10.48205284661968
18930,529.22539346731,67.19807348882242,Direct,87.21037125292412,52,6.925747238888386
15132,552.8433922202883,63.60082574785768,Organic,381.6516937402867,82,4.551513595749934
19122,874.5208645763023,47.53108060485605,Organic,373.3367767216756,78,10.999708691435483
16696,206.8265327395605,59.99211544492262,Referral,435.34768091341664,10,1.030475136625041
9330,656.9802496512668,33.714052096447524,Social,237.83965741482945,25,1.1808181051757294
16489,869.7258688067303,56.35988393101112,Direct,349.36705832927186,14,19.848685046922515
15486,322.9558270810152,62.5983574691404,Direct,281.4928791478909,39,18.206026465719997
13739,642.1661759049143,42.36654589072984,Direct,495.9061042306128,65,4.509368139937828
10830,446.61205993859295,38.2710122076357,Organic,480.31782102897535,61,8.91357875788719
9234,838.8273720098734,37.97510562376527,Social,111.5518323906726,83,7.733512925205218
5059,823.5712883969247,24.26699080270015,Direct,543.8247291986618,31,11.900813557566751
16242,575.5448005569882,65.82361052072545,Direct,488.7985648716517,28,3.3637390056792107
11364,289.3792518352485,67.05863514408607,Social,117.77515240251358,37,10.138273970762611
12109,807.1167096403932,62.32763512542995,Direct,483.4565976861927,60,2.995079947439496
8666,816.4834433519053,27.85359001641252,Referral,296.80405104274035,25,18.31732004100277
14162,344.7658751164945,35.776719279710264,Direct,46.1068809755663,30,12.175076220472484
18422,156.8865257948323,49.367226043901184,Social,439.71232581824455,5,8.81908450579387
13680,606.368118583423,42.74399336602168,Direct,433.3120303096177,58,19.86681942826699
11043,776.5931118644581,25.46895178074946,Referral,521.2445409186003,74,4.549543624974642
13355,274.3837822791046,29.781966366119526,Organic,107.30352111999478,65,12.703558303591793
15042,261.4851980508401,46.29620259645159,Referral,80.58487210256403,8,8.349569402200197
12680,471.1775308703835,33.59509147656902,Direct,206.9623353845673,66,9.8112680784193
6671,864.9232737666674,47.57322084995748,Referral,203.3747196713311,97,19.6829424284332
9906,274.25935900431057,53.42356662459125,Social,314.2030507863104,50,11.617796336836893
7587,483.590330765411,40.01009784482466,Referral,236.96707208118252,3,4.335659691760963
9985,538.0511970003049,29.2356742161772,Organic,159.92311336101668,51,15.777341297996974
7807,842.2383621339267,22.3630593896862,Direct,283.1686013514864,45,10.519733840254906
10270,292.49415640609647,67.17141508526862,Referral,59.23729122507368,27,17.40784297982554
8078,631.0968883285333,58.96092500252592,Direct,560.2861926368663,33,16.398837042356337
18351,538.9089406126898,22.92028898722877,Direct,303.2331281001552,1,14.206835878281288
8506,369.30247863206375,20.9280522675973,Direct,567.0942855774865,91,3.3196627343101053
11579,249.8529144713843,38.06678748781374,Social,211.1999315685076,5,4.628025957196878
11636,788.3684351323044,41.33698115174863,Social,386.8236535003663,41,6.7287646101632514
10658,430.89155906644567,26.838039825670712,Social,62.33469652063702,68,2.1248091089992838
11544,794.6769333872876,56.16071208317922,Direct,406.2314863610503,15,4.028970596528813
19526,318.2776119730371,42.61038742155947,Organic,509.06580187902256,85,16.957824558859897
12657,734.8490358281582,67.82752542586348,Referral,140.41161408673952,21,17.263275239007463
18484,498.2416367432217,31.350561067139783,Social,146.1488587283007,34,14.185045181495598
10344,879.0624215695894,24.59271498300149,Direct,205.05992481299984,90,8.84656907825942
14628,419.93676357644665,25.3902485160442,Social,346.8275292549607,86,18.02691785134828
7713,883.6475605157369,52.54152578761092,Social,195.2450096568681,61,9.643169430267497
17037,314.2913607327114,61.164079877307024,Direct,369.0850650360056,70,16.745210215206345
16886,420.4457424017188,60.26549369840003,Direct,585.3549590503947,99,18.87878647970028
7123,169.66658140078712,48.98114889495773,Organic,151.25747400115577,51,4.783148770497494
16225,189.44033361595436,20.25155211358377,Direct,387.2748484869487,89,13.659600332510909
18051,894.9308657244992,39.2699546641934,Referral,393.31699363765074,30,19.97181423164717
9419,754.4936706670645,65.74480087356474,Social,417.20978635794114,67,11.560074224969124
16568,861.5207863042862,42.027020272541726,Referral,494.4420566217563,34,17.24902021591359
15697,795.832206275321,43.49772447404892,Social,567.0841162813015,54,3.7853878569123673
19073,573.209685944069,42.45990833261871,Referral,209.68172948921708,86,5.720112443839247
12046,474.0992583522609,37.80187038391087,Social,198.9141602523699,60,12.143976351370757
19445,504.6924650513571,67.81705312354273,Referral,429.6931890146528,74,6.927164142184478
6912,263.05006544050525,60.077428446116734,Direct,596.4955767485671,25,6.960552305427711
10005,615.9661706372093,50.106220428052495,Referral,179.23865861740933,51,7.097502108551244
5150,107.38418214933247,42.215248598066495,Organic,488.6505918215497,81,5.74791650461808
18771,400.64416341580863,68.29275211558485,Organic,149.81065021662482,5,3.4879486482670794
9828,539.3677351671193,27.54954325372326,Social,328.04031937459627,41,17.434246291415036
12505,718.1826435950712,42.875646126039314,Social,170.46235595003284,80,17.898070971379617
16484,734.3071455253477,47.86735448363537,Referral,265.8428919986843,88,16.68898617016728
9340,189.0231760817684,62.99310107576413,Social,575.5423385052029,80,16.92822172715178
19147,634.8550720295826,24.615385901248587,Referral,46.52632464869522,89,10.470700760276834
6777,564.9829208813915,68.98452969897052,Direct,492.8477124667724,77,3.7845119263424434
9871,584.1010957473019,47.69117426193674,Referral,421.07338370991823,36,9.850115665558643
15251,113.09876478815264,26.93365662167857,Referral,444.3281637876653,86,18.25584821464788
11863,803.2605081799378,29.24903850295462,Direct,140.38948027646578,63,4.09216407211953
9275,467.2611072001748,59.81959921616839,Referral,182.80763857891696,17,16.526392782552634
7488,326.6517783582307,20.584698323842424,Social,328.5579461749236,68,11.32845337240245
5463,174.69074170038957,40.75498030192093,Direct,421.166289356003,48,10.851867871797
10999,458.0743827623872,37.46239578544363,Referral,553.652892913408,57,9.62075086991627
19957,871.125122387305,45.83726254633322,Direct,268.49901290757987,14,7.43904778236298
5629,670.4519853793468,68.2228536081161,Direct,175.5214346254409,49,11.683387447850077
8675,798.0228132352813,52.8799803064836,Social,54.97430404564206,97,2.481464699513238
10968,457.3151125377538,69.51663870276391,Organic,264.2658702280081,73,11.87393243083024
19092,378.0978988676894,53.05154175614725,Social,343.3261109618903,98,14.71868606075156
5785,305.4985175385435,51.72936385523194,Organic,394.0563863203329,34,1.5364937290366698
19068,496.7611837538337,55.2564683734953,Referral,175.8429723527625,95,12.225896612100708
9922,725.6571432835929,40.850526485723066,Direct,291.09516264744667,51,4.052570662228682
17773,357.07198678263444,69.12395928388435,Organic,575.2431037120572,94,1.7149832270413443
18039,561.419986162425,30.120654839653405,Direct,156.30842208081864,29,9.148195536343824
17205,303.50455067135744,38.51338286727572,Organic,244.80807565978583,83,13.598644061122258
7636,418.7639582897314,55.821095390757485,Direct,567.6093782775683,21,11.84363839631276
16101,863.2821531195249,34.735712036788115,Social,259.36834019470814,82,1.6044357931651674
9701,377.7056905436156,66.29056761899136,Direct,81.35846049718376,97,1.837541243132029
11589,497.5888285681377,61.71794706952949,Direct,199.24856937171265,96,14.69038729295961
6657,320.1217981299138,28.066232365343478,Referral,238.12550306113903,50,5.618112747909903
12795,422.84666357688974,27.54815815559926,Organic,148.25996619827117,93,4.170549887150785
10806,716.8352715208157,32.55150453978202,Referral,384.85760423642927,72,5.633831906710275
12438,419.4624738634461,64.79327383689035,Social,50.94369449414153,27,14.635291332865869
16977,499.7096959711441,42.59429843087778,Direct,407.91821358984174,48,19.514680824606653
8292,604.1772581325896,68.53242284012305,Direct,213.59654281790685,61,15.707781547597728
14256,102.78712273940832,36.85606181895726,Referral,229.8027531607677,56,12.834271170164218
18658,295.371326820514,54.801652579210106,Direct,593.3123786421722,30,10.24337949248632
17235,133.53788746324017,34.91161480364836,Referral,379.819711711156,23,14.340879397771127
17350,474.2931040060649,49.3268059913045,Referral,169.4414347175562,58,3.38281099833611
7971,234.38575876981332,51.62662782194392,Organic,201.9272997525069,21,5.945787899985866
5206,861.9928837789985,55.80098478933454,Direct,567.7864594892537,86,2.653502252503864
11582,263.24501231669683,63.17681748303891,Direct,322.1177367870085,27,1.961914111696496
8649,641.1017176835852,66.25240406161865,Referral,354.7024343451261,51,18.645935829362344
10045,106.44142814859076,38.57071753564948,Referral,92.26637417049896,92,5.863625029808285
8848,261.9909494945924,50.68825844158093,Direct,474.5784881821963,93,3.887542998085883
8970,151.55083054410977,32.370202786215806,Direct,477.4539503215837,94,8.939999025071835
9933,405.8644879304812,46.77155124642107,Referral,487.1020949296616,35,13.421298751703093
6554,403.8546617668096,51.32168043554268,Direct,451.5443519576026,74,15.921131609285649
13548,440.4265489534909,45.64975479251272,Social,248.263012706336,71,12.44769650216132
11633,736.9308704219258,24.83270503865697,Referral,573.1867710654401,63,5.962094434453557
13987,781.3239187532319,56.49965229373518,Direct,32.02006929014107,93,18.877946117946895
16808,100.04772424890557,61.83143225248932,Referral,414.9110601844321,97,11.901935578636383
5487,208.61367424656197,64.64263483072294,Organic,347.0259328240856,25,9.984518261076737
8640,672.3705224136213,55.64290780426166,Direct,134.2369975264071,84,15.08663093525266
15504,581.048844909112,23.45695065890083,Organic,332.7100306825828,95,2.619890516641947
15783,613.0586627087789,20.311797629938454,Referral,198.36781629096677,24,15.233061753510226
7478,276.9759631736916,66.18532078672206,Direct,525.0918760514738,92,5.498986481141714
13984,472.1720612870393,44.94934368508788,Social,544.8921534007903,77,6.024232684945124
8517,639.5990331368214,54.23361563545021,Direct,142.6771079412268,16,5.539570831957489
12157,328.2754625380811,63.72266916712184,Social,185.6126966318377,68,11.382174383745
13370,839.2707593038825,51.64461606185709,Organic,390.3837079380607,30,14.99727947245222
6521,855.8836384138401,47.74590196211032,Social,340.1484297031165,88,4.559837822403269
9215,802.4987716301457,54.7285804014552,Direct,387.704520337696,57,12.387292216869008
7702,524.3395176978278,28.78528570287565,Direct,253.33412063352583,15,19.29388457249253
18797,874.4240733110405,51.43033631700582,Social,441.6667787101184,39,16.098760075789496
10089,762.4701931696338,47.9776059141564,Direct,323.6353745673659,54,10.59065623571128
8347,402.0109160712432,27.00350558251824,Social,265.8046877423063,2,5.166759513266698
12538,852.501782613653,67.35102070943829,Referral,159.27105890190015,82,12.297454709721324
7999,500.2174325156792,37.20212716987544,Organic,162.8937272280745,75,13.370865795660524
9229,411.7984436649618,47.03351359584989,Referral,396.6965359839143,59,14.595804556160324
14732,718.6184191836817,33.83797695036,Social,34.512233075227094,57,8.274931031040826
9940,548.7547446067484,65.70804186491603,Social,57.94090889415142,21,17.39374629114262
10372,783.7883537216258,58.08460793897767,Direct,299.8097803080712,35,15.293536662260642
12947,135.30007932737237,65.45269944671315,Referral,271.08681511749853,87,13.48292374393096
13573,436.595048983993,50.07159709463512,Organic,349.26954498255304,2,4.128222859900255
13014,414.0784872483365,45.83459357931815,Organic,398.1298525539212,53,15.166087526890152
13219,758.0626684809067,35.41673915812368,Referral,535.190306390951,31,15.80063696453878
13186,701.9615947933103,68.12346489890504,Direct,526.1071903262712,93,8.130398500497439
5755,620.0439004042499,39.24985412510377,Direct,272.6284893125486,60,10.30801253963778
7546,755.1402320644463,20.16586099287509,Social,231.71413011092383,86,15.00707317212167
9634,524.5983227456509,39.66754439416332,Social,497.2735002297604,2,8.338881415895452
10091,137.45720198708796,66.95385096401657,Organic,473.7986012072721,39,8.465998826944189
12298,329.669269791928,67.99924979349024,Referral,60.44197758106043,78,17.446835848206426
12573,329.33890838925424,53.48818446392128,Social,128.68774760759715,89,18.08438752469098
15466,192.4258049985804,44.45651359275634,Direct,144.17992333083143,27,18.605681769700208
11330,871.6643390755653,36.91924223926003,Organic,218.64205498125588,58,9.735122563643564
10828,415.6909044244034,22.352287055729203,Direct,336.96130263227155,40,19.606788023024382
6194,573.6859252539581,61.15595355129485,Referral,453.8583928491592,65,5.43568481636213
9092,289.57755687680105,68.91218868970591,Social,385.9675224836526,65,14.783514197990002
17330,645.6476571418942,30.55232936890453,Direct,459.0298733852801,63,15.340939316436094
12599,657.2647900219087,69.81135571049,Referral,441.6857752522933,44,6.773732077781519
7813,416.41583766493017,60.15245758242686,Organic,278.47286578045447,72,8.227638990170586
13422,228.4181477164532,33.229888538266124,Organic,220.1435697106387,54,12.54329388565787
18855,624.0883396185084,43.5618391487368,Organic,192.0221917689015,64,1.317582538403538
8136,759.5318226253967,32.47058094274866,Referral,37.88077986572979,14,6.479747113762251
9972,353.79006253979674,39.195035990354505,Social,575.2775352270179,20,18.594976567301693
16731,428.0378940185376,21.2971413613995,Direct,433.6893735001828,5,17.82652349801027
10939,319.1666363607278,32.45374006736324,Referral,188.3638006696083,9,1.7425377419540515
15189,885.2636941006064,53.42845437346907,Organic,429.7777236045694,46,10.255446419343125
14833,335.6792242958195,26.955314426490844,Organic,298.8445927472515,97,11.76479228843758
11273,149.08702904863046,60.25850016625427,Social,202.22615166112115,48,9.7714916040795
15389,338.4814608244801,27.619569227660627,Direct,257.9469982911476,67,10.397999473722209
6102,612.4929087737654,51.446000019140726,Referral,108.03933009477572,11,3.0800912602703643
11149,373.6930643637033,30.87364965939693,Referral,271.5421076928949,79,18.289190015173148
13848,564.1455669358309,58.69690276284525,Organic,207.85427392950427,49,2.2090163786533266
8923,214.1019578904228,59.46402166593713,Direct,590.048184946804,35,1.9282299926077249
13897,450.2441508103929,37.6467370277656,Referral,398.5879355212999,99,11.924014175951951
5772,489.4666716293641,63.50479507474692,Direct,214.3249225926114,36,16.30162435432419
5230,556.9141840490712,46.25083997583543,Organic,30.930096249179687,70,1.7116456748474402
18648,819.6736118411534,62.10571922250705,Referral,294.4488759549424,80,9.003969113623572
9291,495.64995887018426,44.441361293853845,Social,278.6130486113191,49,15.376678622215602
11037,643.5819808416697,42.2776697696962,Direct,475.2433436035425,99,15.359394390884946
16880,467.6957286246778,37.0768073843343,Referral,170.94546865089316,12,7.512553124509101
6155,656.1034014830144,62.10503252537245,Direct,32.33970083494525,82,12.08503118773305
12950,405.9482775113996,60.003968469262965,Referral,134.31479130056596,60,4.080101483265279
11707,241.99861555469963,25.0707424797325,Social,569.8894399997691,9,7.2306939612079635
19512,111.49456850622084,69.03250045083269,Referral,569.3632721219537,93,13.273475249451662
13869,839.5340919991356,48.05874815625161,Direct,231.33278656093572,53,4.284588614707095
5529,152.06908252370494,39.60685551679645,Organic,454.6999233794136,79,6.439424672810224
16929,686.0453427546757,61.26508894299617,Direct,44.27911941149385,9,10.07514178293301
16887,712.1517150128375,57.496905145698456,Social,559.5603136955514,1,12.149844528682475
14503,388.7791645643535,44.60100269997085,Referral,148.00963004336654,30,10.477389679106814
15385,308.9459248347538,50.64748086682505,Organic,158.3778273194095,77,6.378333935155438
16870,461.35415348088935,51.32756004936699,Direct,31.42342232091408,52,15.57675786255559
11310,897.8594005605562,67.39091304708955,Social,368.8971429376081,18,15.938462929695794
19613,152.2416630127825,60.90592288456483,Direct,557.1585116011154,42,6.888246648589364
13025,644.6671449498111,64.50447180893357,Direct,587.4804434012282,3,2.07370848063703
6857,836.2988066465749,69.96713034482309,Social,465.3041356163603,10,16.18156639675057
10553,528.5304178756842,64.08272305671507,Organic,313.13803650883733,46,19.611631077663446
10217,179.6174969453943,45.95768645513317,Organic,151.6755371860852,98,2.853666106777649
13880,591.3980770728035,41.234774643139474,Organic,97.77585322195172,8,14.062141082142652
19280,587.4558549082972,20.89813576180122,Social,87.71870064265444,48,19.81982470322744
7440,716.8046788973184,30.131048006541757,Social,475.8147562870843,66,7.89115085472844
14511,470.6065890126434,36.47700906274944,Referral,157.60578703855234,19,7.104644193400873
19670,823.3584134606433,35.613093122013424,Referral,443.1095646134871,61,6.252518619296578
14886,746.7313237880699,55.33253702877779,Organic,166.41112393029132,73,16.451974724789046
13224,533.5962597868271,52.00462945128736,Social,195.06559964522376,17,6.863967420351339
10411,820.3273354307,53.10954538630894,Social,438.99890134175286,8,10.82055508436315
19368,731.7383923072874,63.21667868823883,Referral,527.5287054640733,95,9.209248336156962
18251,411.3407748674398,47.59183660116702,Referral,535.8773648986562,6,16.77030372021634
18906,872.9102309383215,33.17063447417672,Referral,252.2799135619252,48,14.686000661511468
18872,700.1694873209283,69.01180492469484,Social,378.30318531469857,93,7.456136115169164
18315,813.0664194273103,48.48040501682435,Direct,469.3269924243568,83,1.9942091985051444
16200,433.8811949266714,49.84970740822813,Organic,328.2364271544488,17,6.802729827925215
10385,748.5247531144405,58.3743468429004,Social,112.7224265574312,27,8.86387281010709
13774,865.4924793170994,56.94530666891376,Direct,70.73183628575205,64,12.87428699474626
10965,342.7088820316407,66.10520962056533,Direct,356.5999737437588,43,10.895503544443
16907,206.68881036299985,20.79819571936636,Referral,138.3440122955437,91,16.30776527984031
15192,524.0977807611569,62.50805806316444,Social,124.04943482172274,23,18.9579500493338
17395,164.97012669036792,57.0868565186692,Referral,445.329887433933,70,2.485562152211691
12727,787.2384713681021,68.17060922442735,Social,578.1251527970287,62,8.49059043522876
8456,395.3993207599,20.908563326722184,Social,81.67591394159493,82,8.372460163284748
6423,757.1740661343516,49.617231054386345,Organic,90.3131844069202,41,7.721757572244029
16440,480.74860762524,21.223893647426976,Referral,456.4480798091722,67,15.449835401939245
19800,142.2972867567127,30.081815643778707,Direct,422.7468708184939,32,1.3684024614292314
18754,539.4211844342121,24.050906823579176,Social,240.03740637701725,26,13.89736548138768
15665,780.9902011086775,69.5945149503668,Referral,349.15613412968656,40,18.09954582331605
18386,207.35017631707785,36.4180408160182,Referral,502.5768849004388,56,8.072141516104342
5479,440.1144906438761,42.01041546984946,Social,566.066675242714,57,11.85079695311807
12146,485.1182952566202,20.95252508379908,Social,153.16363014522034,4,4.842311406972511
12885,292.6280585515724,60.906290164701545,Social,528.6387020037876,59,5.2201792929016495
16688,513.4152708053341,34.038415327847446,Direct,427.87541264729,7,17.049828285293618
13604,470.5882360414898,26.92315159393599,Direct,551.920617618608,39,3.983518518871554
